{"val_loss": [1.243171435546875, 0.9205572522163391, 0.9148166791915894, 0.7866650018692016, 0.7258151773452759, 0.8334944643974305, 0.6974309345245361, 0.6168527044296265, 0.6824243953704834, 0.6016125665664673, 0.5959729345321655, 0.5691025582313538, 0.5693269068717957, 0.5743275909423828, 0.5983595374107361, 0.5511594685554504, 0.5886716236114502, 0.5590820352554321, 0.5560029350280762, 0.5491995568275452, 0.5488889607429505, 0.6001874548912048, 0.5822056093215943, 0.5481040224552155, 0.5690201140403748, 0.5528069094896316, 0.5709100021839142, 0.6104397934913636, 0.5785859795570374, 0.5772923709869385, 0.6098292914390564, 0.5992537722587585, 0.5954087187767029, 0.6401496163368225, 0.5930352021217347, 0.6189049612998963, 0.5862954179763794, 0.5912744948387146, 0.603618734741211, 0.5863605682849884, 0.5941508487701416, 0.59062750415802, 0.5824969551086426, 0.6275559708118439, 0.592884466934204, 0.6306288633346557, 0.6196200614929199, 0.6116096366882324, 0.6174605339050293, 0.6910157764434814, 0.626465501832962, 0.6016534029006958, 0.6029522817611694, 0.5918154302120209, 0.611361930179596, 0.6167541973114014, 0.6178230934143066, 0.6232134767532349, 0.6089607845306396, 0.6134037739753723, 0.6676580801010131, 0.6150049421310425, 0.6236760020256042, 0.6375347363471985, 0.6309549568176269, 0.6326982377529144, 0.5997661577224731, 0.6690467678070068, 0.6193945607185364, 0.6679209592819214, 0.6480922763824463, 0.6314574663162231, 0.6609083032608032, 0.6303160326004028, 0.6552977761268616, 0.6569718215942383, 0.6496003134727478, 0.6870577897071838, 0.6557567526817322, 0.6489943572044372, 0.6310487863540649, 0.6854582220077514, 0.6438858854293823, 0.6508791181564331, 0.6723050734519959, 0.7017430234909058, 0.6797917169570923, 0.6666718936920166, 0.6516364562988282, 0.6595897456169129, 0.6915255206108093, 0.655086571598053, 0.6825570948123932, 0.6761068882942199, 0.6415960656166076, 0.6905879243850708, 0.6778627938270568, 0.6691213163375854, 0.6668637204170227, 0.6424002110004425], "val_acc": [0.5688, 0.6778, 0.6812, 0.7241, 0.7494, 0.7147, 0.7657, 0.7878, 0.7634, 0.7959, 0.7993, 0.8096, 0.8121, 0.8111, 0.8066, 0.8194, 0.8101, 0.8216, 0.823, 0.8226, 0.8246, 0.8216, 0.8194, 0.8295, 0.8292, 0.828, 0.8244, 0.8203, 0.8316, 0.8312, 0.8261, 0.8325, 0.8361, 0.8182, 0.833, 0.8253, 0.83, 0.8363, 0.8317, 0.8369, 0.8357, 0.8368, 0.8378, 0.8299, 0.8378, 0.8306, 0.8368, 0.8393, 0.8344, 0.8225, 0.8385, 0.8392, 0.8383, 0.8418, 0.8405, 0.8407, 0.8375, 0.8347, 0.8384, 0.8395, 0.83, 0.8407, 0.8421, 0.8407, 0.8449, 0.8386, 0.8468, 0.8347, 0.8426, 0.8359, 0.8364, 0.8421, 0.8375, 0.8448, 0.8426, 0.8409, 0.8421, 0.8416, 0.8434, 0.8422, 0.8399, 0.8344, 0.8424, 0.8467, 0.8363, 0.8395, 0.8415, 0.8442, 0.8452, 0.8442, 0.8432, 0.8408, 0.8445, 0.8435, 0.8425, 0.8382, 0.8437, 0.8428, 0.846, 0.8457], "loss": [1.5943984009552001, 1.139377509536743, 0.9566662394332885, 0.8559887493515015, 0.7738543105697632, 0.7108849021148682, 0.6639732970237732, 0.6212399032783509, 0.5767933973884583, 0.5505508338546753, 0.5091313850402832, 0.4817681989955902, 0.45285043076515197, 0.43025345235824586, 0.4039235647010803, 0.3883218585014343, 0.36602564057350157, 0.3527913808631897, 0.33118503399848936, 0.31491126172065736, 0.3014245711994171, 0.29169315224647524, 0.2769607282924652, 0.26919102076530455, 0.2560948132324219, 0.24923652256965637, 0.2362575142478943, 0.22962154026985168, 0.2198818598461151, 0.2114687323999405, 0.20846880723953248, 0.20477369965076447, 0.19016990357875824, 0.19139062971115112, 0.1840461478281021, 0.17440476862847806, 0.17415298316001893, 0.1745719845366478, 0.1690302819609642, 0.16736237797021866, 0.15216399897813798, 0.15518193653345108, 0.149770799036026, 0.15158078138828276, 0.14471049412965775, 0.13967992035865784, 0.1349701546895504, 0.13128992956995963, 0.1291544212794304, 0.13202392177581787, 0.15968660771369933, 0.13051177168130876, 0.128613145519346, 0.11828308951258659, 0.12108500776529312, 0.1145295381116867, 0.12204675250291824, 0.1151759726369381, 0.11576278145909309, 0.1095811178445816, 0.11366794408798218, 0.10905094759464264, 0.10336121483266354, 0.1020290128827095, 0.10188407753229141, 0.10269940508246422, 0.09717347030282021, 0.0993632233452797, 0.09756917657375336, 0.09340688356399536, 0.09368995544552804, 0.092387868642807, 0.09054908561229706, 0.08860975456476211, 0.09517591203197837, 0.08825672478556633, 0.08956858135700226, 0.08861495806276798, 0.08924697336435318, 0.08711953142762184, 0.08232106897771359, 0.08072915785610676, 0.0864105068051815, 0.08271349310994149, 0.0790237867796421, 0.08106473665237426, 0.08116688841879367, 0.08010952241748572, 0.08031745147109032, 0.07823371745437384, 0.0800346612983942, 0.07614536526829005, 0.07730698075294494, 0.07886783967614173, 0.07698760009616613, 0.07640529052793979, 0.07682139242887497, 0.07015435872495174, 0.0732794947040081, 0.07463823287248611], "acc": [0.472, 0.61024, 0.6698, 0.70232, 0.73094, 0.75426, 0.76864, 0.78344, 0.79816, 0.80642, 0.82176, 0.8296, 0.83994, 0.85132, 0.85562, 0.85966, 0.86984, 0.87498, 0.88252, 0.88774, 0.89258, 0.89662, 0.90082, 0.90388, 0.9092, 0.911, 0.91592, 0.91736, 0.92256, 0.92454, 0.92556, 0.92692, 0.93246, 0.93232, 0.93268, 0.93792, 0.9375, 0.93904, 0.9402, 0.94064, 0.94514, 0.94556, 0.94648, 0.94712, 0.94838, 0.9508, 0.95364, 0.95286, 0.95386, 0.95212, 0.94432, 0.9544, 0.9546, 0.95754, 0.95662, 0.9604, 0.95654, 0.95946, 0.95918, 0.9612, 0.96008, 0.9622, 0.96346, 0.9637, 0.9641, 0.96404, 0.96516, 0.96438, 0.9657, 0.96738, 0.9661, 0.96706, 0.96874, 0.96884, 0.967, 0.9691, 0.96862, 0.96852, 0.96912, 0.96926, 0.9717, 0.97142, 0.96992, 0.97064, 0.97186, 0.9721, 0.97198, 0.9715, 0.9725, 0.97218, 0.9716, 0.97258, 0.97252, 0.9725, 0.97302, 0.9729, 0.9734, 0.97592, 0.97508, 0.97464]}